signal_time,support_time,support_price,entry_time,entry_fill,stop_ref,target,exit_time,exit_fill,exit_reason,net_pnl,r_multiple
2024-01-01 08:00:00+00:00,2023-12-31 00:00:00+00:00,38.58,2024-01-01 12:00:00+00:00,39.541859,38.42154,41.782497000000006,2024-01-01 20:00:00+00:00,41.76996225090001,target,2.1874473402745576,1.8683014706671648
2024-01-16 00:00:00+00:00,2024-01-14 04:00:00+00:00,35.8,2024-01-16 04:00:00+00:00,36.260875,35.5644,37.653825,2024-01-16 04:00:00+00:00,35.55373068,stop,-0.7430516228399942,-0.9999999999999978
2024-01-19 08:00:00+00:00,2024-01-10 12:00:00+00:00,33.32,2024-01-19 12:00:00+00:00,33.700106999999996,33.25671,34.58690099999999,2024-01-19 12:00:00+00:00,33.246732987,stop,-0.486847432993492,-0.9999999999999942
2024-01-27 08:00:00+00:00,2024-01-20 08:00:00+00:00,32.03,2024-01-27 12:00:00+00:00,32.329696,31.818150000000003,33.35278799999999,2024-01-28 00:00:00+00:00,33.34278216359999,target,0.9802499245181931,1.7720892140309468
2024-01-29 12:00:00+00:00,2024-01-28 20:00:00+00:00,34.37,2024-01-29 16:00:00+00:00,35.810739999999996,34.30566,38.82089999999998,2024-01-31 08:00:00+00:00,34.29536830200001,stop,-1.550424752150987,-0.9999999999999983
2024-01-31 12:00:00+00:00,2024-01-29 12:00:00+00:00,34.34,2024-01-31 16:00:00+00:00,35.240568999999994,34.265699999999995,37.19030699999999,2024-01-31 20:00:00+00:00,34.255420289999996,stop,-1.0198967046449945,-0.9999999999999996
2024-02-08 00:00:00+00:00,2024-02-03 12:00:00+00:00,35.4,2024-02-08 04:00:00+00:00,35.500647,35.21475,36.072441,2024-02-08 04:00:00+00:00,35.204185575000004,stop,-0.3318138412874955,-0.9999999999999865
2024-02-08 12:00:00+00:00,2024-02-03 12:00:00+00:00,35.4,2024-02-08 16:00:00+00:00,36.050812,35.13483,37.882776,2024-02-09 16:00:00+00:00,37.8714111672,target,1.7836380556163998,1.8538816310324218
2024-02-17 16:00:00+00:00,2024-02-13 16:00:00+00:00,38.88,2024-02-17 20:00:00+00:00,39.631885999999994,38.80116,41.29333799999998,2024-02-20 00:00:00+00:00,38.789519652,stop,-0.8815770508259912,-1.0000000000000022
2024-02-21 20:00:00+00:00,2024-02-20 12:00:00+00:00,36.84,2024-02-22 00:00:00+00:00,37.61128,36.58338,39.667080000000006,2024-02-22 12:00:00+00:00,36.572404986,stop,-1.0759668564930003,-1.0000000000000049
2024-02-24 04:00:00+00:00,2024-02-21 16:00:00+00:00,35.9,2024-02-24 08:00:00+00:00,36.380911,35.74422,37.654292999999996,2024-02-26 12:00:00+00:00,37.64299671209999,target,1.2250737582439486,1.7924285244596225
2024-02-26 16:00:00+00:00,2024-02-17 12:00:00+00:00,38.38,2024-02-26 20:00:00+00:00,39.001697,38.1618,40.681491,2024-02-28 16:00:00+00:00,38.15035146,stop,-0.889921564229999,-1.0000000000000004
2024-02-28 20:00:00+00:00,2024-02-27 16:00:00+00:00,38.31,2024-02-29 00:00:00+00:00,40.342099,38.10186,44.82257699999999,2024-03-03 00:00:00+00:00,44.80913022689999,target,4.424455612286543,1.9313296059412808
2024-03-03 08:00:00+00:00,2024-03-01 16:00:00+00:00,41.34,2024-03-03 12:00:00+00:00,42.622783,41.27868,45.31098899999999,2024-03-05 04:00:00+00:00,41.266296396,stop,-1.3984311436979986,-1.0000000000000016
2024-03-23 04:00:00+00:00,2024-03-22 00:00:00+00:00,52.68,2024-03-23 08:00:00+00:00,55.036506,52.587360000000004,59.934798,2024-03-24 16:00:00+00:00,52.571583792000006,stop,-2.5187262528959984,-1.0000000000000018
2024-04-29 12:00:00+00:00,2024-04-27 00:00:00+00:00,33.08,2024-04-29 16:00:00+00:00,34.960485,32.996970000000005,38.887514999999986,2024-04-30 12:00:00+00:00,32.987070909,stop,-2.007387868954496,-1.0000000000000007
2024-05-02 08:00:00+00:00,2024-04-29 08:00:00+00:00,32.84,2024-05-02 12:00:00+00:00,33.780131000000004,32.5674,36.205593000000015,2024-05-04 08:00:00+00:00,36.19473132210002,target,2.379612890938965,1.8950940141043962
2024-05-11 12:00:00+00:00,2024-05-03 08:00:00+00:00,33.3,2024-05-11 16:00:00+00:00,33.820143,33.20676,35.046909,2024-05-12 04:00:00+00:00,33.196797972000006,stop,-0.6568534984859938,-0.9999999999999973
2024-05-31 16:00:00+00:00,2024-05-30 08:00:00+00:00,35.3,2024-05-31 20:00:00+00:00,36.150842,35.1648,38.12292599999999,2024-06-02 16:00:00+00:00,35.15425056,stop,-1.032243986279995,-1.0
2024-06-07 08:00:00+00:00,2024-06-05 12:00:00+00:00,35.93,2024-06-07 12:00:00+00:00,36.330895999999996,35.774190000000004,37.44430799999998,2024-06-07 12:00:00+00:00,35.763457743000004,stop,-0.603485433871493,-1.0000000000000053
2024-06-12 04:00:00+00:00,2024-06-08 20:00:00+00:00,31.92,2024-06-12 08:00:00+00:00,32.20966,31.67829,33.2724,2024-06-12 12:00:00+00:00,33.26241828,target,1.0200222408599975,1.7807255715454313
2024-06-12 12:00:00+00:00,2024-06-10 04:00:00+00:00,32.02,2024-06-12 16:00:00+00:00,33.51005,31.848119999999998,36.83391,2024-06-13 08:00:00+00:00,31.838565564,stop,-1.7041587437820007,-0.9999999999999992
2024-06-27 12:00:00+00:00,2024-06-20 00:00:00+00:00,26.67,2024-06-27 16:00:00+00:00,27.848352,26.53344,30.478175999999998,2024-07-03 16:00:00+00:00,26.525479968,stop,-1.3500589479839997,-1.0000000000000004
2024-07-25 20:00:00+00:00,2024-07-16 08:00:00+00:00,26.47,2024-07-26 00:00:00+00:00,27.238169,26.31366,29.087187,2024-07-27 12:00:00+00:00,29.0784608439,target,1.812133528978052,1.8892625488820414
2024-07-31 00:00:00+00:00,2024-07-25 16:00:00+00:00,26.26,2024-07-31 04:00:00+00:00,26.537959,26.16381,27.286257,2024-07-31 04:00:00+00:00,26.155960857000004,stop,-0.4083451029284954,-0.9999999999999932
2024-08-14 08:00:00+00:00,2024-08-09 12:00:00+00:00,21.29,2024-08-14 12:00:00+00:00,21.576470999999998,21.16881,22.391792999999993,2024-08-14 12:00:00+00:00,21.162459357000003,stop,-0.43538110817849535,-0.9999999999999974
2024-08-16 04:00:00+00:00,2024-08-12 00:00:00+00:00,20.3,2024-08-16 08:00:00+00:00,20.556165,20.13984,21.388815,2024-08-16 12:00:00+00:00,20.133798048,stop,-0.4427119335240011,-0.9999999999999982
2024-08-17 20:00:00+00:00,2024-08-13 08:00:00+00:00,20.6,2024-08-18 00:00:00+00:00,20.70621,20.4795,21.159629999999993,2024-08-18 12:00:00+00:00,21.153282110999992,target,0.426142364944493,1.6814088394100264
2024-08-27 00:00:00+00:00,2024-08-25 04:00:00+00:00,26.13,2024-08-27 04:00:00+00:00,26.30789,25.914060000000003,27.095549999999996,2024-08-27 08:00:00+00:00,25.906285782000005,stop,-0.4277113058909956,-1.0000000000000018
2024-09-07 00:00:00+00:00,2024-09-01 20:00:00+00:00,21.09,2024-09-07 04:00:00+00:00,21.246371999999997,21.028950000000002,21.68121599999999,2024-09-07 04:00:00+00:00,21.67471163519999,target,0.4068790933823935,1.6616452940012536
2024-09-07 04:00:00+00:00,2024-09-05 16:00:00+00:00,21.23,2024-09-07 08:00:00+00:00,21.686504,21.19878,22.661952,2024-09-08 04:00:00+00:00,22.6551534144,target,0.9464785856928025,1.8359576761946328
2024-09-16 04:00:00+00:00,2024-09-13 12:00:00+00:00,23.66,2024-09-16 08:00:00+00:00,24.067217999999997,23.50647,25.18871399999999,2024-09-16 12:00:00+00:00,23.499418059,stop,-0.5915832590294952,-0.9999999999999978
2024-09-17 12:00:00+00:00,2024-09-13 12:00:00+00:00,23.66,2024-09-17 16:00:00+00:00,24.40732,23.59638,26.029199999999996,2024-09-18 00:00:00+00:00,23.589301086,stop,-0.8420172245429987,-0.9999999999999979
2024-09-22 16:00:00+00:00,2024-09-20 16:00:00+00:00,26.78,2024-09-22 20:00:00+00:00,27.118133,26.61336,28.127679,2024-09-22 20:00:00+00:00,26.605375992000003,stop,-0.5396187624959969,-0.9999999999999969
2024-10-04 04:00:00+00:00,2024-10-01 16:00:00+00:00,25.0,2024-10-04 08:00:00+00:00,25.30759,24.84513,26.23251,2024-10-04 16:00:00+00:00,26.224640247000004,target,0.8912841318765018,1.8006243040289622
2024-10-11 04:00:00+00:00,2024-10-08 12:00:00+00:00,26.03,2024-10-11 08:00:00+00:00,26.147842,25.944029999999998,26.555466000000006,2024-10-11 08:00:00+00:00,26.547499360200007,target,0.373309689519907,1.5709224214042043
2024-10-16 08:00:00+00:00,2024-10-15 12:00:00+00:00,27.45,2024-10-16 12:00:00+00:00,27.888364,27.25272,29.159651999999998,2024-10-17 08:00:00+00:00,27.244544184000002,stop,-0.6713862700919974,-1.0000000000000013
2024-10-17 12:00:00+00:00,2024-10-16 04:00:00+00:00,27.25,2024-10-17 16:00:00+00:00,27.758325,27.16281,28.949354999999997,2024-10-17 16:00:00+00:00,27.154661157,stop,-0.631120336078499,-0.9999999999999986
2024-10-17 20:00:00+00:00,2024-10-16 04:00:00+00:00,27.25,2024-10-18 00:00:00+00:00,27.318192999999997,27.03294,27.888698999999992,2024-10-18 16:00:00+00:00,27.880332390299994,target,0.5345401276048453,1.6676529519022107
2024-10-20 20:00:00+00:00,2024-10-13 16:00:00+00:00,28.3,2024-10-21 00:00:00+00:00,28.978690999999998,28.18179,30.572492999999994,2024-10-21 12:00:00+00:00,28.173335463,stop,-0.833931550231498,-1.0000000000000018
2024-10-24 16:00:00+00:00,2024-10-17 16:00:00+00:00,26.82,2024-10-24 20:00:00+00:00,27.058115,26.643330000000002,27.887684999999998,2024-10-25 00:00:00+00:00,26.635337001000003,stop,-0.44962472500049566,-0.9999999999999933
2024-10-28 08:00:00+00:00,2024-10-23 16:00:00+00:00,25.89,2024-10-28 12:00:00+00:00,26.217863,25.71426,27.225069000000005,2024-10-28 12:00:00+00:00,25.706545722,stop,-0.5372794823610011,-1.0000000000000027
2024-10-29 20:00:00+00:00,2024-10-24 08:00:00+00:00,26.38,2024-10-30 00:00:00+00:00,26.888063999999996,26.2737,28.116791999999986,2024-10-30 08:00:00+00:00,26.26581789,stop,-0.6488230509449953,-1.0000000000000016
2024-11-05 00:00:00+00:00,2024-11-03 12:00:00+00:00,22.6,2024-11-05 04:00:00+00:00,22.856855,22.56741,23.435745,2024-11-05 12:00:00+00:00,23.428714276500003,target,0.5487164918617541,1.7205244597743108
2024-11-15 00:00:00+00:00,2024-11-13 04:00:00+00:00,31.2,2024-11-15 04:00:00+00:00,31.60948,30.94902,32.930400000000006,2024-11-15 04:00:00+00:00,30.939735294000002,stop,-0.7010193136469985,-0.9999999999999986
2024-11-18 12:00:00+00:00,2024-11-17 20:00:00+00:00,34.28,2024-11-18 16:00:00+00:00,35.540659,34.025940000000006,38.57009699999998,2024-11-19 12:00:00+00:00,34.015732218000004,stop,-1.5597049776089917,-0.9999999999999964
2024-12-11 20:00:00+00:00,2024-12-03 12:00:00+00:00,47.8,2024-12-12 00:00:00+00:00,48.474538,47.59236,50.23889400000001,2024-12-12 00:00:00+00:00,50.22382233180001,target,1.6999351516341048,1.7998597315500424
2024-12-12 12:00:00+00:00,2024-12-06 12:00:00+00:00,49.62,2024-12-12 16:00:00+00:00,52.31569,49.52043,57.906209999999994,2024-12-14 20:00:00+00:00,49.505573870999996,stop,-2.861026760935502,-1.0000000000000002
2024-12-30 04:00:00+00:00,2024-12-28 00:00:00+00:00,36.28,2024-12-30 08:00:00+00:00,36.791034,36.04392,38.28526200000001,2024-12-30 12:00:00+00:00,36.033106824,stop,-0.794339246411999,-0.9999999999999931
2024-12-31 08:00:00+00:00,2024-12-22 20:00:00+00:00,35.52,2024-12-31 12:00:00+00:00,36.220863,35.22474,38.21310900000001,2025-01-01 08:00:00+00:00,35.214172577999996,stop,-1.0424079397890027,-0.9999999999999987
2025-01-01 12:00:00+00:00,2024-12-29 20:00:00+00:00,35.53,2025-01-01 16:00:00+00:00,36.500947000000004,35.4645,38.57384100000001,2025-01-02 00:00:00+00:00,38.56226884770001,target,2.023790239776158,1.8685790495978172
2025-01-25 16:00:00+00:00,2025-01-22 08:00:00+00:00,36.5,2025-01-25 20:00:00+00:00,36.951082,36.25371,38.345826,2025-01-26 20:00:00+00:00,36.242833886999996,stop,-0.7448450709435043,-1.0000000000000002
2025-01-29 04:00:00+00:00,2025-01-27 12:00:00+00:00,32.87,2025-01-29 08:00:00+00:00,33.460035000000005,32.60736,35.165385000000015,2025-01-29 12:00:00+00:00,32.597577792,stop,-0.895486014396004,-0.9999999999999996
2025-01-31 08:00:00+00:00,2025-01-24 00:00:00+00:00,34.56,2025-01-31 12:00:00+00:00,35.140539000000004,34.32564,36.77033700000001,2025-01-31 20:00:00+00:00,34.315342308,stop,-0.8599246326540084,-1.0000000000000049
2025-02-10 20:00:00+00:00,2025-02-04 08:00:00+00:00,25.54,2025-02-11 00:00:00+00:00,25.667697999999998,25.344630000000002,26.31383399999999,2025-02-11 00:00:00+00:00,26.30593984979999,target,0.6122550308750936,1.718978528403554
2025-02-17 08:00:00+00:00,2025-02-11 16:00:00+00:00,24.88,2025-02-17 12:00:00+00:00,25.407619999999998,24.805169999999997,26.61252,2025-02-17 16:00:00+00:00,24.797728448999997,stop,-0.6349942252245014,-0.9999999999999993
2025-02-19 08:00:00+00:00,2025-02-09 20:00:00+00:00,23.66,2025-02-19 12:00:00+00:00,24.017203000000002,23.60637,24.83886900000001,2025-02-19 12:00:00+00:00,23.599288088999998,stop,-0.44172315654450517,-1.000000000000003
2025-02-20 16:00:00+00:00,2025-02-12 12:00:00+00:00,24.29,2025-02-20 20:00:00+00:00,25.207559999999997,24.1758,27.271079999999994,2025-02-21 16:00:00+00:00,24.16854726,stop,-1.0637007936299954,-0.9999999999999993
2025-03-05 16:00:00+00:00,2025-02-28 04:00:00+00:00,20.23,2025-03-05 20:00:00+00:00,21.256375,20.059919999999998,23.649285,2025-03-07 00:00:00+00:00,20.053902024,stop,-1.2231281145120008,-1.0000000000000013
2025-03-07 04:00:00+00:00,2025-02-28 04:00:00+00:00,20.23,2025-03-07 08:00:00+00:00,20.736219,20.189790000000002,21.82907699999999,2025-03-07 16:00:00+00:00,20.183733063000002,stop,-0.5729459130314966,-1.0000000000000002
2025-03-21 16:00:00+00:00,2025-03-20 16:00:00+00:00,18.41,2025-03-21 20:00:00+00:00,18.895667,18.3816,19.923801,2025-03-24 00:00:00+00:00,19.9178238597,target,1.002750114270151,1.8630950908720698
2025-04-05 04:00:00+00:00,2025-03-31 08:00:00+00:00,18.18,2025-04-05 08:00:00+00:00,18.20546,18.031950000000002,18.552479999999992,2025-04-05 12:00:00+00:00,18.026540415000003,stop,-0.19703558520749592,-1.0000000000000087
2025-04-10 16:00:00+00:00,2025-04-04 08:00:00+00:00,17.61,2025-04-10 20:00:00+00:00,18.105430000000002,17.57241,19.171470000000003,2025-04-11 12:00:00+00:00,19.165718559000002,target,1.0416529847204992,1.8730453624880703
2025-04-19 04:00:00+00:00,2025-04-13 20:00:00+00:00,19.27,2025-04-19 08:00:00+00:00,19.485844,19.150830000000003,20.155871999999995,2025-04-19 20:00:00+00:00,20.149825238399995,target,0.6441634037807953,1.7889715102238763
2025-04-22 04:00:00+00:00,2025-04-14 16:00:00+00:00,19.72,2025-04-22 08:00:00+00:00,20.286084,19.57041,21.717432,2025-04-22 12:00:00+00:00,21.7109167704,target,1.4038342700148008,1.8933111892423589
2025-04-27 16:00:00+00:00,2025-04-26 12:00:00+00:00,21.72,2025-04-27 20:00:00+00:00,22.136639,21.628349999999998,23.153217,2025-04-28 00:00:00+00:00,21.621861494999997,stop,-0.5366567552475011,-0.9999999999999969
2025-04-29 04:00:00+00:00,2025-04-26 12:00:00+00:00,21.72,2025-04-29 08:00:00+00:00,22.186653999999997,21.61836,23.323241999999993,2025-04-29 20:00:00+00:00,21.611874492,stop,-0.5966787722460001,-1.0000000000000002
2025-04-30 00:00:00+00:00,2025-04-24 08:00:00+00:00,21.61,2025-04-30 04:00:00+00:00,21.866557999999998,21.45852,22.682633999999993,2025-04-30 08:00:00+00:00,21.452082444000002,stop,-0.4361348762219958,-1.000000000000001
2025-05-01 16:00:00+00:00,2025-04-29 20:00:00+00:00,21.27,2025-05-01 20:00:00+00:00,21.776531,21.21876,22.892072999999996,2025-05-02 08:00:00+00:00,21.212394372,stop,-0.585631090686,-0.9999999999999998
2025-05-08 04:00:00+00:00,2025-04-30 12:00:00+00:00,20.36,2025-05-08 08:00:00+00:00,20.866258,20.32965,21.939473999999993,2025-05-08 20:00:00+00:00,21.932892157799994,target,1.045234582721096,1.8555498731789235
2025-05-16 00:00:00+00:00,2025-05-13 04:00:00+00:00,23.45,2025-05-16 04:00:00+00:00,23.927176,23.306669999999997,25.168188000000004,2025-05-16 08:00:00+00:00,23.299677998999996,stop,-0.6511114279995023,-0.9999999999999984
2025-05-18 04:00:00+00:00,2025-05-17 00:00:00+00:00,22.26,2025-05-18 08:00:00+00:00,23.146942,22.167810000000003,25.105205999999992,2025-05-18 16:00:00+00:00,22.161159657000002,stop,-1.0084363938284981,-1.0000000000000029
2025-06-04 00:00:00+00:00,2025-05-30 00:00:00+00:00,21.09,2025-06-04 04:00:00+00:00,21.486444,21.028950000000002,22.401431999999993,2025-06-04 12:00:00+00:00,21.022641315,stop,-0.48505722765749726,-1.0000000000000027
2025-06-07 04:00:00+00:00,2025-06-01 12:00:00+00:00,20.17,2025-06-07 08:00:00+00:00,20.656194999999997,20.019959999999998,21.928664999999995,2025-06-09 20:00:00+00:00,21.922086400499996,target,1.2446022597997488,1.8784292554916775
2025-06-17 00:00:00+00:00,2025-06-15 20:00:00+00:00,18.73,2025-06-17 04:00:00+00:00,19.305790000000002,18.6813,20.554770000000005,2025-06-17 12:00:00+00:00,18.675695610000002,stop,-0.6490851328049999,-1.000000000000002
2025-06-23 16:00:00+00:00,2025-06-21 20:00:00+00:00,16.32,2025-06-23 20:00:00+00:00,17.315192999999997,16.243740000000003,19.458098999999986,2025-07-09 20:00:00+00:00,19.45226157029999,target,2.118684843014841,1.93822956164441
2025-07-12 16:00:00+00:00,2025-07-11 20:00:00+00:00,20.32,2025-07-12 20:00:00+00:00,20.736219,20.219759999999997,21.769137,2025-07-13 16:00:00+00:00,21.7626062589,target,1.00513784627055,1.8510829834327758
2025-08-04 20:00:00+00:00,2025-07-30 16:00:00+00:00,22.4,2025-08-05 00:00:00+00:00,23.126936,22.24773,24.885348,2025-08-05 04:00:00+00:00,22.241055681000002,stop,-0.9085643148404984,-1.0000000000000018
2025-08-22 12:00:00+00:00,2025-08-20 00:00:00+00:00,22.23,2025-08-22 16:00:00+00:00,24.267278,22.167810000000003,28.466213999999997,2025-09-10 12:00:00+00:00,28.457674135799998,target,4.164033659732096,1.955558156757044
2025-09-14 16:00:00+00:00,2025-09-13 16:00:00+00:00,29.27,2025-09-14 20:00:00+00:00,29.60888,29.030939999999998,30.764760000000003,2025-09-15 08:00:00+00:00,29.022230718,stop,-0.6159648373589992,-1.0000000000000009
2025-10-04 16:00:00+00:00,2025-10-03 08:00:00+00:00,29.99,2025-10-04 20:00:00+00:00,30.049011999999998,29.840130000000002,30.46677599999999,2025-10-05 00:00:00+00:00,29.831177961,stop,-0.24777413398049614,-1.0000000000000022
2025-10-05 00:00:00+00:00,2025-10-03 08:00:00+00:00,29.99,2025-10-05 04:00:00+00:00,30.479141,29.79018,31.857062999999997,2025-10-05 16:00:00+00:00,29.781242946,stop,-0.728028245973,-1.0000000000000002
2025-10-05 20:00:00+00:00,2025-10-05 00:00:00+00:00,29.82,2025-10-06 00:00:00+00:00,30.079021,29.600369999999998,31.036323000000007,2025-10-07 08:00:00+00:00,29.591489888999998,stop,-0.5173663664445028,-1.0000000000000016
2025-10-08 04:00:00+00:00,2025-09-28 12:00:00+00:00,27.92,2025-10-08 08:00:00+00:00,28.30849,27.81216,29.30115,2025-10-08 16:00:00+00:00,29.292359655000002,target,0.9550692301725018,1.7927835613179262
2025-10-16 20:00:00+00:00,2025-10-12 00:00:00+00:00,20.66,2025-10-17 00:00:00+00:00,20.976291,20.56941,21.790052999999997,2025-10-17 04:00:00+00:00,20.563239177000003,stop,-0.4338215880884969,-1.0000000000000049
2025-10-19 08:00:00+00:00,2025-10-18 16:00:00+00:00,19.82,2025-10-19 12:00:00+00:00,20.406119999999998,19.73025,21.75785999999999,2025-10-21 04:00:00+00:00,19.724330925000004,stop,-0.7018543004624946,-1.000000000000003
2025-10-24 00:00:00+00:00,2025-10-17 08:00:00+00:00,19.03,2025-10-24 04:00:00+00:00,19.225765999999997,19.00098,19.675337999999993,2025-10-24 12:00:00+00:00,19.669435398599994,target,0.4242217979006985,1.699628237448829
2025-10-25 12:00:00+00:00,2025-10-21 04:00:00+00:00,19.46,2025-10-25 16:00:00+00:00,19.535859000000002,19.30068,20.006217000000007,2025-10-26 08:00:00+00:00,20.000215134900007,target,0.44458809783255465,1.707428683249408
2025-10-26 08:00:00+00:00,2025-10-19 08:00:00+00:00,19.75,2025-10-26 12:00:00+00:00,20.376111,19.69029,21.747753000000003,2025-10-28 16:00:00+00:00,19.684382913,stop,-0.7117583339565008,-1.000000000000001
2025-10-29 04:00:00+00:00,2025-10-21 04:00:00+00:00,19.46,2025-10-29 08:00:00+00:00,19.60588,19.43055,19.956539999999997,2025-10-29 08:00:00+00:00,19.424720835000002,stop,-0.20067446541749576,-0.9999999999999938
2025-10-29 08:00:00+00:00,2025-10-21 04:00:00+00:00,19.46,2025-10-29 12:00:00+00:00,19.735919,19.41057,20.386616999999998,2025-10-29 12:00:00+00:00,19.404746829,stop,-0.35074250391449696,-0.9999999999999973
2025-11-01 04:00:00+00:00,2025-10-22 20:00:00+00:00,18.42,2025-11-01 08:00:00+00:00,18.515553,18.27171,19.003239000000004,2025-11-02 04:00:00+00:00,18.997538028300006,target,0.463228482785855,1.7303019411975078
2025-11-09 16:00:00+00:00,2025-10-30 16:00:00+00:00,17.51,2025-11-09 20:00:00+00:00,17.895367,17.43255,18.821001000000003,2025-11-11 16:00:00+00:00,17.427320235,stop,-0.48570810861750086,-0.9999999999999996
2025-11-13 00:00:00+00:00,2025-11-12 00:00:00+00:00,16.91,2025-11-13 04:00:00+00:00,17.445232,16.7832,18.769296,2025-11-13 16:00:00+00:00,16.77816504,stop,-0.6841786585200005,-1.000000000000001
2025-11-16 04:00:00+00:00,2025-11-06 16:00:00+00:00,15.61,2025-11-16 08:00:00+00:00,15.754724999999999,15.56442,16.135334999999998,2025-11-16 08:00:00+00:00,15.559750674,stop,-0.21063156383699919,-1.0000000000000002
2025-11-26 04:00:00+00:00,2025-11-18 00:00:00+00:00,14.03,2025-11-26 08:00:00+00:00,14.094227,13.986,14.310680999999999,2025-11-26 08:00:00+00:00,13.981804200000001,stop,-0.12646081559999925,-0.9999999999999964
2025-11-26 16:00:00+00:00,2025-11-18 00:00:00+00:00,14.03,2025-11-26 20:00:00+00:00,14.554365,13.93605,15.790995000000002,2025-11-30 16:00:00+00:00,13.931869185,stop,-0.636738932092501,-1.0000000000000018
2025-12-09 16:00:00+00:00,2025-12-04 16:00:00+00:00,14.21,2025-12-09 20:00:00+00:00,14.624386,14.115870000000001,15.641417999999996,2025-12-10 20:00:00+00:00,14.111635239000002,stop,-0.527118771619498,-0.9999999999999993
2025-12-11 16:00:00+00:00,2025-12-07 12:00:00+00:00,12.96,2025-12-11 20:00:00+00:00,13.253974999999999,12.87711,14.007704999999996,2025-12-12 12:00:00+00:00,12.873246867,stop,-0.3937917439334975,-0.9999999999999968
2025-12-23 16:00:00+00:00,2025-12-21 12:00:00+00:00,11.96,2025-12-23 20:00:00+00:00,12.123636,11.89809,12.574727999999999,2025-12-24 12:00:00+00:00,11.894520573,stop,-0.2411245052865007,-1.0000000000000064
2025-12-26 00:00:00+00:00,2025-12-22 20:00:00+00:00,12.08,2025-12-26 04:00:00+00:00,12.533758999999998,12.01797,13.565336999999994,2026-01-01 16:00:00+00:00,13.561267398899995,target,1.0144608857005473,1.9080704908282018
2026-01-01 16:00:00+00:00,2025-12-28 20:00:00+00:00,12.53,2026-01-01 20:00:00+00:00,13.554065,12.47751,15.707174999999998,2026-01-19 00:00:00+00:00,12.473766747,stop,-1.0933121688734988,-0.9999999999999996
2026-01-21 00:00:00+00:00,2026-01-19 00:00:00+00:00,12.09,2026-01-21 04:00:00+00:00,12.293686999999998,12.04794,12.785180999999994,2026-01-21 12:00:00+00:00,12.044325618,stop,-0.26153038830899805,-1.0
2026-01-21 12:00:00+00:00,2026-01-20 20:00:00+00:00,11.97,2026-01-21 16:00:00+00:00,12.393717,11.94804,13.285071,2026-01-21 16:00:00+00:00,11.944455588,stop,-0.4614304982940007,-1.0000000000000027
2026-01-27 20:00:00+00:00,2026-01-21 16:00:00+00:00,11.88,2026-01-28 00:00:00+00:00,12.143642,11.82816,12.774605999999999,2026-01-29 00:00:00+00:00,11.824611552,stop,-0.3310145747759999,-0.9999999999999988
2026-02-08 08:00:00+00:00,2026-01-31 16:00:00+00:00,9.16,2026-02-08 12:00:00+00:00,9.282784,9.0909,9.666552,2026-02-08 16:00:00+00:00,9.08817273,stop,-0.20379674836499903,-0.9999999999999989
2026-02-12 04:00:00+00:00,2026-02-09 08:00:00+00:00,8.72,2026-02-12 08:00:00+00:00,8.812643,8.67132,9.095289,2026-02-12 16:00:00+00:00,8.668718604,stop,-0.15266507680199895,-1.0000000000000024
2026-02-12 20:00:00+00:00,2026-02-09 08:00:00+00:00,8.72,2026-02-13 00:00:00+00:00,8.90267,8.67132,9.365370000000002,2026-02-14 08:00:00+00:00,9.362560389000002,target,0.45075777380550147,1.8569793896956264
2026-02-25 12:00:00+00:00,2026-02-17 12:00:00+00:00,9.0,2026-02-25 16:00:00+00:00,9.532858999999998,8.941049999999999,10.716476999999998,2026-02-27 12:00:00+00:00,8.938367685,stop,-0.6037269283424996,-1.0000000000000009
2026-02-28 16:00:00+00:00,2026-02-19 12:00:00+00:00,8.66,2026-02-28 20:00:00+00:00,8.932679,8.601389999999999,9.595257000000004,2026-03-04 12:00:00+00:00,9.592378422900005,target,0.6504368941885539,1.8983366789819525
2026-03-20 00:00:00+00:00,2026-03-18 12:00:00+00:00,9.48,2026-03-20 04:00:00+00:00,9.572871,9.45054,9.817532999999997,2026-03-20 04:00:00+00:00,9.447704838,stop,-0.13467644991899894,-0.9999999999999988
2026-03-20 16:00:00+00:00,2026-03-18 12:00:00+00:00,9.48,2026-03-20 20:00:00+00:00,9.542862,9.40059,9.827406,2026-03-21 20:00:00+00:00,9.397769822999999,stop,-0.15456249291150037,-0.9999999999999997
2026-03-24 20:00:00+00:00,2026-03-20 16:00:00+00:00,9.41,2026-03-25 00:00:00+00:00,9.632889,9.37062,10.157427,2026-03-26 08:00:00+00:00,9.367808814000002,stop,-0.2745805349069996,-1.0000000000000053
2026-03-26 20:00:00+00:00,2026-03-22 00:00:00+00:00,9.05,2026-03-27 00:00:00+00:00,9.10273,8.991,9.326189999999999,2026-03-27 08:00:00+00:00,8.9883027,stop,-0.12347281634999943,-1.000000000000008
2026-03-31 16:00:00+00:00,2026-03-30 16:00:00+00:00,8.74,2026-03-31 20:00:00+00:00,8.90267,8.71128,9.28545,2026-04-01 04:00:00+00:00,9.282664365,target,0.3709016978175003,1.8288222029370842
2026-04-01 04:00:00+00:00,2026-03-26 16:00:00+00:00,8.99,2026-04-01 08:00:00+00:00,9.342801999999999,8.941049999999999,10.146306,2026-04-02 00:00:00+00:00,8.938367685,stop,-0.41357489984250023,-1.0000000000000027
2026-04-02 20:00:00+00:00,2026-03-31 08:00:00+00:00,8.69,2026-04-03 00:00:00+00:00,8.752625,8.66133,8.935215000000001,2026-04-03 04:00:00+00:00,8.932534435500001,target,0.1710668557822517,1.6673332770938802
2026-04-05 20:00:00+00:00,2026-04-04 12:00:00+00:00,8.83,2026-04-06 00:00:00+00:00,9.072721,8.80119,9.615782999999999,2026-04-06 00:00:00+00:00,9.612898265099998,target,0.5308344554674487,1.8750312421271111
2026-04-07 16:00:00+00:00,2026-04-02 12:00:00+00:00,8.62,2026-04-07 20:00:00+00:00,8.80264,8.551440000000001,9.305039999999998,2026-04-07 20:00:00+00:00,9.302248487999998,target,0.4905560437559972,1.8692037065307916
2026-04-11 12:00:00+00:00,2026-04-10 08:00:00+00:00,9.25,2026-04-11 16:00:00+00:00,9.332799,9.18081,9.636777,2026-04-12 00:00:00+00:00,9.178055757,stop,-0.163998670378501,-1.000000000000006
2026-04-19 08:00:00+00:00,2026-04-14 16:00:00+00:00,9.21,2026-04-19 12:00:00+00:00,9.252775,9.14085,9.476624999999999,2026-04-19 16:00:00+00:00,9.138107745000001,stop,-0.12386269637249814,-0.9999999999999942
2026-04-20 16:00:00+00:00,2026-04-14 16:00:00+00:00,9.21,2026-04-20 20:00:00+00:00,9.322796,9.15084,9.666708,2026-04-22 04:00:00+00:00,9.6638079876,target,0.3315186856061999,1.8023520610034687
2026-04-23 12:00:00+00:00,2026-04-16 12:00:00+00:00,9.26,2026-04-23 16:00:00+00:00,9.40282,9.23076,9.74694,2026-04-23 16:00:00+00:00,9.227990772,stop,-0.18414463338600037,-1.0000000000000062
2026-04-27 16:00:00+00:00,2026-04-23 16:00:00+00:00,9.16,2026-04-27 20:00:00+00:00,9.172751,9.0909,9.336453,2026-04-29 04:00:00+00:00,9.3336520641,target,0.15164786256795068,1.61828956117365
2026-05-01 08:00:00+00:00,2026-04-28 12:00:00+00:00,9.11,2026-05-01 12:00:00+00:00,9.122736,9.05094,9.266327999999998,2026-05-01 12:00:00+00:00,9.263548101599998,target,0.13161895954919794,1.5744504432357347
2026-05-02 00:00:00+00:00,2026-04-28 12:00:00+00:00,9.11,2026-05-02 04:00:00+00:00,9.132739,9.06093,9.276357,2026-05-02 04:00:00+00:00,9.058211721000001,stop,-0.08362275436050037,-0.9999999999999966
2026-05-02 12:00:00+00:00,2026-04-28 12:00:00+00:00,9.11,2026-05-02 16:00:00+00:00,9.152745,9.07092,9.316395,2026-05-03 00:00:00+00:00,9.068198724,stop,-0.09365674786200019,-1.0000000000000013
2026-05-18 20:00:00+00:00,2026-05-17 00:00:00+00:00,9.18,2026-05-19 00:00:00+00:00,9.252775,9.14085,9.476624999999999,2026-05-19 08:00:00+00:00,9.138107745000001,stop,-0.12386269637249814,-0.9999999999999942
2026-05-20 12:00:00+00:00,2026-05-17 00:00:00+00:00,9.18,2026-05-20 16:00:00+00:00,9.343802299999998,9.143847000000001,9.743712899999993,2026-05-22 20:00:00+00:00,9.141103845900002,stop,-0.21194090717294584,-1.0000000000000007
2026-05-25 04:00:00+00:00,2026-05-17 00:00:00+00:00,9.18,2026-05-25 08:00:00+00:00,9.345802899999999,9.151838999999999,9.733730699999999,2026-05-26 16:00:00+00:00,9.149093448299999,stop,-0.20595689987415056,-1.0000000000000002
2026-05-27 04:00:00+00:00,2026-05-24 20:00:00+00:00,9.069,2026-05-27 08:00:00+00:00,9.1977585,9.035955,9.521365500000003,2026-05-27 20:00:00+00:00,9.0332442135,stop,-0.17362978785675184,-1.0000000000000016
2026-06-14 20:00:00+00:00,2026-06-09 16:00:00+00:00,6.445,2026-06-15 00:00:00+00:00,6.791036699999999,6.406587,7.559936099999998,2026-06-18 12:00:00+00:00,6.4046650239,stop,-0.3929695269619499,-1.0000000000000018
2026-06-23 20:00:00+00:00,2026-06-14 16:00:00+00:00,6.376,2026-06-24 00:00:00+00:00,6.4859452,6.334659,6.788517599999999,2026-06-24 12:00:00+00:00,6.3327586023,stop,-0.15959594960114937,-1.0
2026-06-26 04:00:00+00:00,2026-06-21 20:00:00+00:00,6.097,2026-06-26 08:00:00+00:00,6.3138936,6.065928,6.8098247999999995,2026-06-26 12:00:00+00:00,6.064108221600001,stop,-0.2559743793107999,-1.0000000000000022
2026-07-05 08:00:00+00:00,2026-07-04 08:00:00+00:00,6.817,2026-07-05 12:00:00+00:00,6.882064,6.766227,7.113738,2026-07-06 12:00:00+00:00,6.7641971319,stop,-0.12468999866595042,-1.0000000000000058
2026-07-06 12:00:00+00:00,2026-07-05 04:00:00+00:00,6.753,2026-07-06 16:00:00+00:00,6.922076,6.707286000000001,7.3516559999999975,2026-07-07 04:00:00+00:00,6.705273814200001,stop,-0.22361586070709885,-0.999999999999999
2026-07-08 04:00:00+00:00,2026-06-30 12:00:00+00:00,6.385,2026-07-08 08:00:00+00:00,6.4499344,6.361632,6.6265392,2026-07-08 08:00:00+00:00,6.3597235104,stop,-0.0966157185551997,-0.9999999999999946
2026-07-08 16:00:00+00:00,2026-06-30 12:00:00+00:00,6.385,2026-07-08 20:00:00+00:00,6.4589371,6.37362,6.6295713,2026-07-09 04:00:00+00:00,6.62758242861,target,0.16210206884569517,1.7310365704314428
2026-07-10 00:00:00+00:00,2026-07-06 12:00:00+00:00,6.714,2026-07-10 04:00:00+00:00,6.7810337,6.661332,7.0204371000000005,2026-07-10 12:00:00+00:00,6.6593336004,stop,-0.1284202832501998,-1.0000000000000013
2026-07-14 20:00:00+00:00,2026-07-10 12:00:00+00:00,6.649,2026-07-15 00:00:00+00:00,6.7150139,6.618375,6.908291699999999,2026-07-15 00:00:00+00:00,6.6163894875,stop,-0.1052901141937492,-1.0000000000000007
2026-07-15 08:00:00+00:00,2026-07-10 12:00:00+00:00,6.649,2026-07-15 12:00:00+00:00,6.6710007,6.607386,6.798230099999999,2026-07-16 08:00:00+00:00,6.6054037842,stop,-0.0722351180420993,-0.9999999999999902
2026-07-20 08:00:00+00:00,2026-07-18 12:00:00+00:00,6.514,2026-07-20 12:00:00+00:00,6.6299884,6.485508,6.9189492,2026-07-20 12:00:00+00:00,6.4835623476,stop,-0.1529828277738002,-1.0000000000000016
2026-07-22 12:00:00+00:00,2026-07-18 12:00:00+00:00,6.514,2026-07-22 16:00:00+00:00,6.6399913999999995,6.48351,6.952954199999999,2026-07-23 12:00:00+00:00,6.481564947,stop,-0.1649872311734998,-1.0000000000000004
2026-07-24 16:00:00+00:00,2026-07-23 16:00:00+00:00,6.197,2026-07-24 20:00:00+00:00,6.2368705,6.168825,6.372961500000001,2026-07-25 12:00:00+00:00,6.371049611550001,target,0.1278751514942258,1.680399405900246
2026-07-30 08:00:00+00:00,2026-07-22 04:00:00+00:00,6.464,2026-07-30 12:00:00+00:00,6.4979488000000005,6.412580999999999,6.668684400000003,2026-07-31 00:00:00+00:00,6.4106572257,stop,-0.09374587731285107,-1.0000000000000024
2026-08-01 12:00:00+00:00,2026-07-31 12:00:00+00:00,6.331,2026-08-01 16:00:00+00:00,6.375912199999999,6.318675,6.490386599999998,2026-08-01 16:00:00+00:00,6.3167793975,stop,-0.06547914829874857,-1.0000000000000007
2026-08-01 20:00:00+00:00,2026-07-24 12:00:00+00:00,6.137,2026-08-02 00:00:00+00:00,6.1928573,6.101891999999999,6.374787900000001,2026-08-02 04:00:00+00:00,6.372875463630002,target,0.17373529724818684,1.7559249168208468
