symbol,split,variant,config_id,trades,win_rate,expectancy_r,profit_factor,max_drawdown_r,total_r
BTCUSDT,development,strong_close,0,18,0.2222222222222222,-0.15044689303392514,0.8065682803849534,-5.000000000000002,-2.7080440746106524
ETHUSDT,development,strong_close,0,21,0.23809523809523808,-0.07717976426911985,0.8987015593967802,-8.103634912735732,-1.6207750496515168
BTCUSDT,development,strong_close,1,18,0.2222222222222222,-0.14454769709718052,0.8141529608750537,-5.000000000000004,-2.6018585477492495
ETHUSDT,development,strong_close,1,21,0.23809523809523808,-0.07454094498213479,0.902165009710948,-8.096328934181289,-1.5653598446248305
BTCUSDT,development,strong_close,2,7,0.2857142857142857,0.10895503235861924,1.152537045302067,-2.9999999999999987,0.7626852265103347
ETHUSDT,development,strong_close,2,12,0.08333333333333333,-0.6753029093946444,0.26330591702402434,-10.0,-8.103634912735734
BTCUSDT,development,strong_close,3,7,0.2857142857142857,0.11247841881781051,1.1574697863449348,-3.000000000000002,0.7873489317246736
ETHUSDT,development,strong_close,3,12,0.08333333333333333,-0.674694077848441,0.26397009689261003,-10.000000000000004,-8.096328934181292
BTCUSDT,development,strong_close,4,27,0.25925925925925924,-0.002130727085211049,0.9971235184349648,-5.186986210946853,-0.057529631300698325
ETHUSDT,development,strong_close,4,27,0.2222222222222222,-0.13552174074101883,0.8257577619044045,-8.222007846569301,-3.659087000007508
BTCUSDT,development,strong_close,5,27,0.25925925925925924,0.0026136161035373575,1.0035283817397755,-5.164013764786006,0.07056763479550865
ETHUSDT,development,strong_close,5,27,0.2222222222222222,-0.13343402256078996,0.8284419709932701,-8.204625271870079,-3.602718609141329
BTCUSDT,development,strong_close,6,13,0.23076923076923078,-0.10766839050627947,0.8600310923418367,-2.999999999999999,-1.399689076581633
ETHUSDT,development,strong_close,6,14,0.14285714285714285,-0.43871049022083747,0.4881710947423565,-11.000000000000002,-6.141946863091724
BTCUSDT,development,strong_close,7,13,0.23076923076923078,-0.10442197771397335,0.8642514289718347,-3.000000000000007,-1.3574857102816535
ETHUSDT,development,strong_close,7,14,0.14285714285714285,-0.4381205499069849,0.4888593584418512,-11.000000000000005,-6.133687698697789
BTCUSDT,development,strong_close,8,16,0.25,-0.04425275466316586,0.940996327115779,-5.000000000000002,-0.7080440746106538
ETHUSDT,development,strong_close,8,15,0.13333333333333333,-0.486342152689766,0.4388359776656547,-12.000000000000002,-7.29513229034649
BTCUSDT,development,strong_close,9,16,0.25,-0.037616159234328095,0.9498451210208959,-5.000000000000004,-0.6018585477492495
ETHUSDT,development,strong_close,9,15,0.13333333333333333,-0.4842937092382312,0.44119956626357926,-12.000000000000002,-7.264405638573468
BTCUSDT,development,strong_close,10,6,0.3333333333333333,0.2937808710850554,1.4406713066275831,-2.000000000000001,1.7626852265103325
ETHUSDT,development,strong_close,10,9,0.0,-1.0,0.0,-8.000000000000002,-9.0
BTCUSDT,development,strong_close,11,6,0.3333333333333333,0.29789148862077913,1.4468372329311687,-2.000000000000001,1.7873489317246747
ETHUSDT,development,strong_close,11,9,0.0,-1.0000000000000004,0.0,-8.000000000000004,-9.000000000000004
BTCUSDT,development,strong_close,12,21,0.3333333333333333,0.280051560796002,1.420077341194003,-4.000000000000003,5.881082776716043
ETHUSDT,development,strong_close,12,19,0.15789473684210525,-0.38597074951065663,0.5416597349560952,-13.000000000000002,-7.333444240702476
BTCUSDT,development,strong_close,13,21,0.3333333333333333,0.2871661464320446,1.430749219648067,-4.000000000000004,6.030489075072936
ETHUSDT,development,strong_close,13,19,0.15789473684210525,-0.38430338963631405,0.5436397248068773,-13.000000000000004,-7.301764403089967
BTCUSDT,development,strong_close,14,9,0.3333333333333333,0.28892343593537406,1.433385153903061,-2.000000000000001,2.6003109234183666
ETHUSDT,development,strong_close,14,11,0.09090909090909091,-0.6398465409414539,0.29616880496440096,-10.000000000000004,-7.038311950355992
BTCUSDT,development,strong_close,15,9,0.3333333333333333,0.29361269885759494,1.4404190482863923,-2.000000000000001,2.6425142897183544
ETHUSDT,development,strong_close,15,11,0.09090909090909091,-0.6397598876833182,0.29626412354835047,-10.000000000000005,-7.037358764516499
BTCUSDT,development,strong_close,16,45,0.28888888888888886,0.11072433298956547,1.1557060932665764,-4.3044108578354,4.982594984530446
ETHUSDT,development,strong_close,16,44,0.29545454545454547,0.14892939406638375,1.2113836560942222,-10.000000000000002,6.552893338920885
BTCUSDT,development,strong_close,17,44,0.29545454545454547,0.14219809033456887,1.201829547571646,-4.070632331673901,6.25671597472103
ETHUSDT,development,strong_close,17,44,0.3181818181818182,0.24106822522531893,1.3535667303304675,-10.000000000000004,10.607001909914032
BTCUSDT,development,strong_close,18,23,0.30434782608695654,0.17189958191267485,1.24710564899947,-4.374913481789214,3.9536903839915216
ETHUSDT,development,strong_close,18,26,0.2692307692307692,0.05201749764369145,1.071181838880841,-9.126649312010073,1.3524549387359777
BTCUSDT,development,strong_close,19,22,0.3181818181818182,0.23168643112567278,1.3398067656509869,-4.291793859757071,5.097101484764801
ETHUSDT,development,strong_close,19,26,0.2692307692307692,0.053684770802866794,1.073463370572344,-9.120957487697778,1.3958040408745367
BTCUSDT,development,strong_close,20,55,0.3090909090909091,0.18451566866309613,1.2670621520123753,-10.254082295292587,10.148361776470287
ETHUSDT,development,strong_close,20,54,0.25925925925925924,0.010401064463102475,1.0140414370251882,-10.000000000000004,0.5616574810075337
BTCUSDT,development,strong_close,21,54,0.3148148148148148,0.2145256321471278,1.3130914631336457,-9.231253001805372,11.584384135944902
ETHUSDT,development,strong_close,21,54,0.2777777777777778,0.08535285681490384,1.11818087866679,-10.000000000000004,4.609054268004807
BTCUSDT,development,strong_close,22,31,0.25806451612903225,-0.006731739325820804,0.9909267861260674,-9.156580991400514,-0.20868391910044493
ETHUSDT,development,strong_close,22,32,0.25,-0.021433031613125042,0.9714226245158333,-11.12664931201007,-0.6858570116200013
BTCUSDT,development,strong_close,23,30,0.26666666666666666,0.03174222809194937,1.043284856489022,-8.14022542285752,0.9522668427584811
ETHUSDT,development,strong_close,23,32,0.25,-0.02004858511381119,0.9732685531815851,-11.12095748769778,-0.6415547236419581
BTCUSDT,development,strong_close,24,38,0.3157894736842105,0.2199344333242018,1.3214426333199867,-4.999999999999999,8.357508466319668
ETHUSDT,development,strong_close,24,34,0.2647058823529412,0.03117728871333286,1.0424011126501327,-10.227579056881977,1.0600278162533172
BTCUSDT,development,strong_close,25,37,0.32432432432432434,0.2580678333642731,1.3819403933791239,-4.999999999999998,9.548509834478104
ETHUSDT,development,strong_close,25,34,0.29411764705882354,0.14905128694541747,1.2111559898393416,-10.214954063207301,5.0677437561441945
BTCUSDT,development,strong_close,26,20,0.3,0.16643019328903683,1.2377574189843383,-5.999999999999998,3.3286038657807366
ETHUSDT,development,strong_close,26,22,0.2727272727272727,0.06618590233962332,1.091005615716982,-9.12664931201007,1.456089851471713
BTCUSDT,development,strong_close,27,19,0.3157894736842105,0.23099449181694054,1.3376073341939902,-6.0,4.38889534452187
ETHUSDT,development,strong_close,27,22,0.2727272727272727,0.06782422613890103,1.093258310940989,-9.12095748769778,1.4921329750558225
BTCUSDT,development,strong_close,28,43,0.32558139534883723,0.24986701749387266,1.3704924742150522,-6.254082295292585,10.744281752236525
ETHUSDT,development,strong_close,28,42,0.2619047619047619,0.021677926174983805,1.0293700935273973,-9.42110246391988,0.9104728993493199
BTCUSDT,development,strong_close,29,42,0.3333333333333333,0.2878412878159936,1.4317619317239907,-5.231253001805364,12.08933408827173
ETHUSDT,development,strong_close,29,42,0.2857142857142857,0.11732249246152528,1.1642514894461349,-9.395462051431874,4.9275446833840615
BTCUSDT,development,strong_close,30,25,0.28,0.08664918250755091,1.1203460868160429,-6.271130557390341,2.166229562688773
ETHUSDT,development,strong_close,30,26,0.2692307692307692,0.05452991927368179,1.0746198895324066,-10.208929752499959,1.4177779011157265
BTCUSDT,development,strong_close,31,24,0.2916666666666667,0.13516919593814816,1.190827100147974,-6.0,3.244060702515556
ETHUSDT,development,strong_close,31,26,0.2692307692307692,0.05595285425151257,1.0765670637125964,-10.198625167678717,1.4547742105393269
BTCUSDT,development,bullish_engulfing,0,6,0.16666666666666666,-0.3644977018244759,0.5626027578106291,-2.0000000000000013,-2.186986210946855
ETHUSDT,development,bullish_engulfing,0,5,0.2,-0.22682348799536028,0.7164706400057996,-2.0000000000000018,-1.1341174399768015
BTCUSDT,development,bullish_engulfing,1,6,0.16666666666666666,-0.3606689607976666,0.5671972470428002,-2.000000000000001,-2.1640137647859996
ETHUSDT,development,bullish_engulfing,1,5,0.2,-0.22439984889458478,0.7195001888817689,-2.0000000000000018,-1.1219992444729239
BTCUSDT,development,bullish_engulfing,2,3,0.3333333333333333,0.2710045963510492,1.4065068945265742,-0.999999999999999,0.8130137890531476
ETHUSDT,development,bullish_engulfing,2,2,0.0,-1.0000000000000009,0.0,-0.9999999999999996,-2.0000000000000018
BTCUSDT,development,bullish_engulfing,3,3,0.3333333333333333,0.278662078404667,1.4179931176070002,-0.9999999999999998,0.8359862352140011
ETHUSDT,development,bullish_engulfing,3,2,0.0,-1.0000000000000009,0.0,-1.0000000000000007,-2.0000000000000018
BTCUSDT,development,bullish_engulfing,4,11,0.18181818181818182,-0.3151781740482806,0.6147822317187682,-4.999999999999997,-3.466959914531086
ETHUSDT,development,bullish_engulfing,4,8,0.25,-0.02155367379159895,0.9712617682778681,-2.0000000000000018,-0.1724293903327916
BTCUSDT,development,bullish_engulfing,5,11,0.18181818181818182,-0.30864279226741265,0.6227699205620512,-5.000000000000001,-3.3950707149415393
ETHUSDT,development,bullish_engulfing,5,8,0.25,-0.019919751123677415,0.9734403318350967,-2.0000000000000018,-0.15935800898941932
BTCUSDT,development,bullish_engulfing,6,6,0.16666666666666666,-0.3644977018244752,0.5626027578106295,-2.9999999999999973,-2.186986210946851
ETHUSDT,development,bullish_engulfing,6,4,0.25,-0.009577987588998443,0.9872293498813355,-3.000000000000004,-0.038311950355993774
BTCUSDT,development,bullish_engulfing,7,6,0.16666666666666666,-0.36066896079766647,0.5671972470428003,-3.000000000000001,-2.1640137647859987
ETHUSDT,development,bullish_engulfing,7,4,0.25,-0.009339691129124472,0.9875470784945007,-3.0000000000000036,-0.03735876451649789
BTCUSDT,development,bullish_engulfing,8,6,0.16666666666666666,-0.3644977018244759,0.5626027578106291,-2.0000000000000013,-2.186986210946855
ETHUSDT,development,bullish_engulfing,8,4,0.0,-0.9999999999999999,0.0,-2.999999999999999,-3.9999999999999996
BTCUSDT,development,bullish_engulfing,9,6,0.16666666666666666,-0.3606689607976666,0.5671972470428002,-2.000000000000001,-2.1640137647859996
ETHUSDT,development,bullish_engulfing,9,4,0.0,-0.9999999999999997,0.0,-2.9999999999999982,-3.9999999999999987
BTCUSDT,development,bullish_engulfing,10,3,0.3333333333333333,0.2710045963510492,1.4065068945265742,-0.999999999999999,0.8130137890531476
ETHUSDT,development,bullish_engulfing,10,2,0.0,-1.0000000000000009,0.0,-0.9999999999999996,-2.0000000000000018
BTCUSDT,development,bullish_engulfing,11,3,0.3333333333333333,0.278662078404667,1.4179931176070002,-0.9999999999999998,0.8359862352140011
ETHUSDT,development,bullish_engulfing,11,2,0.0,-1.0000000000000009,0.0,-1.0000000000000007,-2.0000000000000018
BTCUSDT,development,bullish_engulfing,12,9,0.1111111111111111,-0.576331801216317,0.35162672363164327,-4.186986210946852,-5.186986210946853
ETHUSDT,development,bullish_engulfing,12,7,0.14285714285714285,-0.43404456433656996,0.4936146749406684,-4.000000000000002,-3.0383119503559897
BTCUSDT,development,bullish_engulfing,13,9,0.1111111111111111,-0.573779307198444,0.3544982794017503,-4.164013764785995,-5.164013764785996
ETHUSDT,development,bullish_engulfing,13,7,0.14285714285714285,-0.4339083949309277,0.4937735392472509,-4.0,-3.037358764516494
BTCUSDT,development,bullish_engulfing,14,5,0.2,-0.23739724218937025,0.703253447263287,-1.9999999999999971,-1.1869862109468512
ETHUSDT,development,bullish_engulfing,14,4,0.25,-0.009577987588998443,0.9872293498813355,-3.000000000000004,-0.038311950355993774
BTCUSDT,development,bullish_engulfing,15,5,0.2,-0.2328027529571998,0.7089965588035003,-2.000000000000001,-1.164013764785999
ETHUSDT,development,bullish_engulfing,15,4,0.25,-0.009339691129124472,0.9875470784945007,-3.0000000000000036,-0.03735876451649789
BTCUSDT,development,bullish_engulfing,16,13,0.3076923076923077,0.19163506973727515,1.2768062118427304,-5.000000000000012,2.491255906584577
ETHUSDT,development,bullish_engulfing,16,9,0.3333333333333333,0.2954485257519608,1.443172788627941,-2.0000000000000018,2.6590367317676473
BTCUSDT,development,bullish_engulfing,17,13,0.3076923076923077,0.19543651545652674,1.282297188992761,-4.999999999999993,2.5406747009348476
ETHUSDT,development,bullish_engulfing,17,9,0.4444444444444444,0.7355857909141229,2.324054423645422,-2.0000000000000018,6.620272118227106
BTCUSDT,development,bullish_engulfing,18,7,0.42857142857142855,0.6522363162018253,2.1414135533531953,-2.999999999999999,4.5656542134127776
ETHUSDT,development,bullish_engulfing,18,5,0.4,0.5586308343488895,1.9310513905814817,-2.0000000000000018,2.7931541717444475
BTCUSDT,development,bullish_engulfing,19,7,0.42857142857142855,0.6587581475155344,2.1528267581521856,-2.9999999999999982,4.611307032608741
ETHUSDT,development,bullish_engulfing,19,5,0.4,0.5616516735057334,1.936086122509555,-2.0000000000000013,2.808258367528667
BTCUSDT,development,bullish_engulfing,20,19,0.3157894736842105,0.21826339941660192,1.319000352993495,-4.156580991400524,4.147004588915436
ETHUSDT,development,bullish_engulfing,20,15,0.3333333333333333,0.30063212099090997,1.4509481814863654,-2.9999999999999964,4.5094818148636495
BTCUSDT,development,bullish_engulfing,21,19,0.3157894736842105,0.22358624634447535,1.326779898503464,-4.140225422857507,4.248138680545032
ETHUSDT,development,bullish_engulfing,21,15,0.4,0.5653382030311317,1.9422303383852197,-2.9999999999999982,8.480073045466975
BTCUSDT,development,bullish_engulfing,22,10,0.3,0.15656542134127777,1.2236648876303968,-2.9999999999999982,1.5656542134127778
ETHUSDT,development,bullish_engulfing,22,9,0.3333333333333333,0.30609358015427335,1.4591403702314103,-3.0822804404898942,2.75484222138846
BTCUSDT,development,bullish_engulfing,23,10,0.3,0.1611307032608742,1.2301867189441058,-2.999999999999998,1.611307032608742
ETHUSDT,development,bullish_engulfing,23,9,0.3333333333333333,0.3078777336680192,1.4618166005020288,-3.077667679980938,2.7708996030121726
BTCUSDT,development,bullish_engulfing,24,12,0.3333333333333333,0.2909379922153814,1.4364069883230715,-5.000000000000012,3.491255906584577
ETHUSDT,development,bullish_engulfing,24,8,0.25,-0.025855728531943872,0.9655256952907414,-2.999999999999999,-0.20684582825555098
BTCUSDT,development,bullish_engulfing,25,12,0.3333333333333333,0.29505622507790413,1.4425843376168566,-4.999999999999993,3.5406747009348494
ETHUSDT,development,bullish_engulfing,25,8,0.375,0.46778392033750393,1.7484542725400067,-2.9999999999999982,3.7422713627000315
BTCUSDT,development,bullish_engulfing,26,7,0.42857142857142855,0.6522363162018253,2.1414135533531953,-2.999999999999999,4.5656542134127776
ETHUSDT,development,bullish_engulfing,26,5,0.4,0.5586308343488895,1.9310513905814817,-2.0000000000000018,2.7931541717444475
BTCUSDT,development,bullish_engulfing,27,7,0.42857142857142855,0.6587581475155344,2.1528267581521856,-2.9999999999999982,4.611307032608741
ETHUSDT,development,bullish_engulfing,27,5,0.4,0.5616516735057334,1.936086122509555,-2.0000000000000013,2.808258367528667
BTCUSDT,development,bullish_engulfing,28,16,0.3125,0.21418614328122954,1.3115434811363338,-6.000000000000012,3.4269782924996726
ETHUSDT,development,bullish_engulfing,28,14,0.2857142857142857,0.11739994677431789,1.1643599254840453,-3.082280440489889,1.6435992548404506
BTCUSDT,development,bullish_engulfing,29,16,0.3125,0.21744972691878606,1.3162905118818706,-5.999999999999988,3.479195630700577
ETHUSDT,development,bullish_engulfing,29,14,0.35714285714285715,0.40014802070999295,1.622452476659989,-3.077667679980932,5.602072289939901
BTCUSDT,development,bullish_engulfing,30,9,0.3333333333333333,0.2850726903791977,1.4276090355687967,-2.9999999999999982,2.5656542134127793
ETHUSDT,development,bullish_engulfing,30,9,0.3333333333333333,0.30609358015427335,1.4591403702314103,-3.0822804404898942,2.75484222138846
BTCUSDT,development,bullish_engulfing,31,9,0.3333333333333333,0.2901452258454157,1.4352178387681231,-2.999999999999998,2.611307032608741
ETHUSDT,development,bullish_engulfing,31,9,0.3333333333333333,0.3078777336680192,1.4618166005020288,-3.077667679980938,2.7708996030121726
BTCUSDT,development,sweep_reclaim,0,8,0.25,-0.029664346686208765,0.9604475377517216,-4.000000000000003,-0.23731477348967012
ETHUSDT,development,sweep_reclaim,0,8,0.375,0.4471884588313073,1.715501534130092,-1.9999999999999987,3.5775076706504585
BTCUSDT,development,sweep_reclaim,1,8,0.25,-0.026581383534415914,0.9645581552874454,-4.0,-0.21265106827532732
ETHUSDT,development,sweep_reclaim,1,8,0.375,0.4524227454585046,1.7238763927336076,-1.9999999999999982,3.6193819636680367
BTCUSDT,development,sweep_reclaim,2,4,0.5,0.9406713066275827,2.8813426132551645,-2.000000000000001,3.7626852265103308
ETHUSDT,development,sweep_reclaim,2,3,0.3333333333333333,0.2987883624214231,1.4481825436321352,-1.9999999999999982,0.8963650872642693
BTCUSDT,development,sweep_reclaim,3,4,0.5,0.9468372329311685,2.8936744658623366,-2.0000000000000018,3.787348931724674
ETHUSDT,development,sweep_reclaim,3,3,0.3333333333333333,0.30122368860623744,1.4518355329093562,-2.0,0.9036710658187124
BTCUSDT,development,sweep_reclaim,4,12,0.3333333333333333,0.29498366271983273,1.4424754940797486,-4.050328562542816,3.5398039526379925
ETHUSDT,development,sweep_reclaim,4,13,0.23076923076923078,-0.10942248687304151,0.857750767065046,-4.000000000000002,-1.4224923293495397
BTCUSDT,development,sweep_reclaim,5,12,0.3333333333333333,0.2987067030410353,1.4480600545615532,-4.0486373034893255,3.5844804364924236
ETHUSDT,development,sweep_reclaim,5,13,0.23076923076923078,-0.10620138741015109,0.8619381963668035,-4.000000000000001,-1.3806180363319642
BTCUSDT,development,sweep_reclaim,6,7,0.42857142857142855,0.6571872747740517,2.1500777308545893,-2.000000000000001,4.600310923418362
ETHUSDT,development,sweep_reclaim,6,4,0.25,-0.025908728183933222,0.9654550290880891,-3.0000000000000004,-0.10363491273573289
BTCUSDT,development,sweep_reclaim,7,7,0.42857142857142855,0.6632163271026218,2.1606285724295877,-2.0000000000000018,4.642514289718353
ETHUSDT,development,sweep_reclaim,7,4,0.25,-0.024082233545322407,0.9678903552729036,-3.0000000000000018,-0.09632893418128963
BTCUSDT,development,sweep_reclaim,8,8,0.25,-0.029664346686208765,0.9604475377517216,-4.000000000000003,-0.23731477348967012
ETHUSDT,development,sweep_reclaim,8,5,0.2,-0.2369479953274017,0.7038150058407477,-2.9999999999999973,-1.1847399766370086
BTCUSDT,development,sweep_reclaim,9,8,0.25,-0.026581383534415914,0.9645581552874454,-4.0,-0.21265106827532732
ETHUSDT,development,sweep_reclaim,9,5,0.2,-0.23245797153555037,0.709427535580562,-2.999999999999999,-1.1622898576777518
BTCUSDT,development,sweep_reclaim,10,4,0.5,0.9406713066275827,2.8813426132551645,-2.000000000000001,3.7626852265103308
ETHUSDT,development,sweep_reclaim,10,2,0.0,-0.9999999999999991,0.0,-0.9999999999999996,-1.9999999999999982
BTCUSDT,development,sweep_reclaim,11,4,0.5,0.9468372329311685,2.8936744658623366,-2.0000000000000018,3.787348931724674
ETHUSDT,development,sweep_reclaim,11,2,0.0,-1.0,0.0,-0.9999999999999991,-2.0
BTCUSDT,development,sweep_reclaim,12,10,0.4,0.5539803952637994,1.9233006587729988,-4.000000000000002,5.539803952637994
ETHUSDT,development,sweep_reclaim,12,8,0.125,-0.5230924970796262,0.4021800033375699,-6.000000000000001,-4.18473997663701
BTCUSDT,development,sweep_reclaim,13,10,0.4,0.5584480436492425,1.9307467394154045,-4.0,5.584480436492425
ETHUSDT,development,sweep_reclaim,13,8,0.125,-0.5202862322097191,0.40538716318889245,-6.000000000000003,-4.162289857677753
BTCUSDT,development,sweep_reclaim,14,5,0.6,1.3200621846836726,4.30015546170918,-2.000000000000001,6.6003109234183635
ETHUSDT,development,sweep_reclaim,14,3,0.0,-1.0000000000000002,0.0,-2.0000000000000018,-3.0000000000000004
BTCUSDT,development,sweep_reclaim,15,5,0.6,1.3285028579436708,4.321257144859176,-2.0000000000000018,6.6425142897183544
ETHUSDT,development,sweep_reclaim,15,3,0.0,-1.0000000000000007,0.0,-2.000000000000001,-3.0000000000000018
BTCUSDT,development,sweep_reclaim,16,23,0.21739130434782608,-0.15128282145569416,0.8066941725843909,-6.064221003447031,-3.4795048934809656
ETHUSDT,development,sweep_reclaim,16,21,0.2857142857142857,0.10217389252097392,1.1430434495293633,-5.000000000000007,2.1456517429404522
BTCUSDT,development,sweep_reclaim,17,22,0.22727272727272727,-0.11108377835847862,0.8562445221243219,-6.0614274869671565,-2.4438431238865297
ETHUSDT,development,sweep_reclaim,17,21,0.3333333333333333,0.2935726800432297,1.4403590200648444,-5.0000000000000036,6.165026280907823
BTCUSDT,development,sweep_reclaim,18,12,0.25,-0.022594213115861888,0.9698743825121839,-4.000000000000001,-0.27113055739034264
ETHUSDT,development,sweep_reclaim,18,12,0.3333333333333333,0.28843840841205476,1.4326576126180819,-6.0000000000000036,3.461260900944657
BTCUSDT,development,sweep_reclaim,19,11,0.2727272727272727,0.0681554351532724,1.0937137233357495,-3.9999999999999982,0.7497097866859963
ETHUSDT,development,sweep_reclaim,19,12,0.3333333333333333,0.29273334753234925,1.4391000212985239,-6.0,3.512800170388191
BTCUSDT,development,sweep_reclaim,20,31,0.3548387096774194,0.36402516352942343,1.5642390034706053,-6.156580991400507,11.284780069412127
ETHUSDT,development,sweep_reclaim,20,30,0.26666666666666666,0.029573656685227333,1.0403277136616738,-6.4141737112896795,0.88720970055682
BTCUSDT,development,sweep_reclaim,21,30,0.36666666666666664,0.4181468930553655,1.6602319364032092,-5.1402254228575135,12.544406791660965
ETHUSDT,development,sweep_reclaim,21,30,0.3,0.16437484978397407,1.234821213977106,-6.373125877121412,4.9312454935192225
BTCUSDT,development,sweep_reclaim,22,16,0.25,-0.027094053780144428,0.9638745949598074,-4.156580991400512,-0.43350486048231085
ETHUSDT,development,sweep_reclaim,22,17,0.29411764705882354,0.13767545545620022,1.1950402285629502,-5.120778158189262,2.3404827427554036
BTCUSDT,development,sweep_reclaim,23,15,0.26666666666666666,0.04032500964531196,1.0549886495163345,-3.9999999999999982,0.6048751446796794
ETHUSDT,development,sweep_reclaim,23,17,0.29411764705882354,0.14128812459235712,1.200158176505839,-5.110902052318122,2.401898118070071
BTCUSDT,development,sweep_reclaim,24,20,0.25,-0.023975244674048234,0.968033007101269,-5.064221003447031,-0.4795048934809647
ETHUSDT,development,sweep_reclaim,24,16,0.1875,-0.2771940116449756,0.6588381395138763,-10.000000000000004,-4.4351041863196095
BTCUSDT,development,sweep_reclaim,25,19,0.2631578947368421,0.029271414532288074,1.0397254911509624,-5.0614274869671565,0.5561568761134734
ETHUSDT,development,sweep_reclaim,25,16,0.25,-0.028553618766197608,0.9619285083117365,-10.000000000000004,-0.45685790025916173
BTCUSDT,development,sweep_reclaim,26,11,0.2727272727272727,0.0662608584190596,1.091108680326207,-4.0,0.7288694426096556
ETHUSDT,development,sweep_reclaim,26,11,0.2727272727272727,0.051354164880035635,1.0706119767100488,-8.000000000000002,0.564895813680392
BTCUSDT,development,sweep_reclaim,27,10,0.3,0.17497097866859956,1.2499585409551421,-3.999999999999999,1.7497097866859956
ETHUSDT,development,sweep_reclaim,27,11,0.2727272727272727,0.05537537314267982,1.0761411380711847,-8.000000000000004,0.609129104569478
BTCUSDT,development,sweep_reclaim,28,23,0.34782608695652173,0.33846815699103,1.5189845073862456,-5.064221003447031,7.78476761079369
ETHUSDT,development,sweep_reclaim,28,23,0.21739130434782608,-0.1594402309155164,0.7962708160523958,-7.192784181964397,-3.667125311056877
BTCUSDT,development,sweep_reclaim,29,22,0.36363636363636365,0.40839246510348753,1.6417595880197664,-5.061427486967157,8.984634232276726
ETHUSDT,development,sweep_reclaim,29,23,0.2608695652173913,0.014321727790394664,1.019376455245828,-7.1684394107132725,0.3293997391790773
BTCUSDT,development,sweep_reclaim,30,13,0.3076923076923077,0.19742270303982254,1.2851661266130767,-4.0,2.566495139517693
ETHUSDT,development,sweep_reclaim,30,15,0.26666666666666666,0.02960784369940904,1.0403743323173757,-6.120778158189263,0.4441176554911356
BTCUSDT,development,sweep_reclaim,31,12,0.3333333333333333,0.3004062620566399,1.4506093930849602,-3.999999999999999,3.6048751446796787
ETHUSDT,development,sweep_reclaim,31,15,0.26666666666666666,0.03321513681675704,1.045293368386487,-6.110902052318128,0.49822705225135566
