combinationId,stage,status,eligibleSignals,tradeCount,fillRate,expectancy,profitFactor,medianR,winRate,maxDrawdownR,consecutiveLosses,meanHoldingHours,medianHoldingHours,feeR,slippageR,ciLow,ciHigh,pValue,holmAdjustedP,holmReject,rejectionReasons,matchedBaselineExpectancy,matchedBaselineProfitFactor
c01-score40-immediate,development,evaluated,7730,7720,0.9987063389391979,-0.945468473429,0.282399001519,-1.054924621195,0.364507772021,7308.647002992992,37,3.673186528497,4,3442.694034221781,3442.693930814463,-1.0841346942240082,-0.818001898614854,1,1,false,expectancy-not-positive; profit-factor-below-1.15; median-r-below-zero; bootstrap-ci-not-strictly-positive; holm-adjusted-hypothesis-not-rejected,,
c02-score60-immediate,development,evaluated,1641,1641,1,-2.075296860738,0.145910901882,-1.064650790067,0.341255332115,3413.53723522098,21,3.526508226691,3,1643.964092172128,1643.964062763528,-2.5758492690707047,-1.6273913776731699,1,1,false,expectancy-not-positive; profit-factor-below-1.15; median-r-below-zero; bootstrap-ci-not-strictly-positive; holm-adjusted-hypothesis-not-rejected,,
c03-score80-immediate,development,evaluated,21,21,1,-0.171156855848,0.72626955561,-1.03617887613,0.428571428571,7.267684620352,5,3.666666666667,4,1.796219836232,1.796219835769,-0.6359200189402011,0.3043455263469236,0.763023697630237,1,false,trade-count-below-100; expectancy-not-positive; profit-factor-below-1.15; median-r-below-zero; bootstrap-ci-not-strictly-positive; holm-adjusted-hypothesis-not-rejected,,
c04-score40-relvol-confirm,development,evaluated,134,91,0.6791044776119403,-0.536734920637,0.396236101552,-1.063482946396,0.318681318681,50.427359540358,8,3.087912087912,2,18.342133912581,18.342130872919,-0.8112341198096036,-0.2743176142748212,0.9999000099990001,1,false,trade-count-below-100; expectancy-not-positive; profit-factor-below-1.15; median-r-below-zero; bootstrap-ci-not-strictly-positive; holm-adjusted-hypothesis-not-rejected,,
c05-score60-relvol-confirm,development,evaluated,45,30,0.6666666666666666,-0.479625406068,0.465870138318,-1.059329691556,0.266666666667,15.033445490438,6,3.566666666667,3.5,5.400529578336,5.400528681408,-1.2206513281326967,0.1640232573932024,0.9253074692530747,1,false,trade-count-below-100; expectancy-not-positive; profit-factor-below-1.15; median-r-below-zero; bootstrap-ci-not-strictly-positive; holm-adjusted-hypothesis-not-rejected,,
c06-score80-relvol-confirm,development,evaluated,1,1,1,-1.032680603091,0,-1.032680603091,0,1.032680603091,1,1,1,0.021951947285,0.021951700091,-1.032680603091,-1.032680603091,1,1,false,trade-count-below-100; expectancy-not-positive; profit-factor-below-1.15; median-r-below-zero; bootstrap-ci-not-strictly-positive; holm-adjusted-hypothesis-not-rejected,,
c07-score40-support-retest,development,evaluated,5587,2575,0.46089135493109,-0.455049746356,0.416034525694,-1.070338631178,0.337475728155,1174.189230691838,21,3.921165048544,4,485.894330133448,485.8942801423,-0.5093614870516354,-0.3997280008593673,1,1,false,expectancy-not-positive; profit-factor-below-1.15; median-r-below-zero; bootstrap-ci-not-strictly-positive; holm-adjusted-hypothesis-not-rejected,,
c08-score60-support-breakout,development,evaluated,1241,338,0.2723609991941982,-2.530297607713,0.134212663398,-1.101178272156,0.334319526627,855.559885920737,15,3.565088757396,4,423.890398545882,423.890396680902,-3.617177379011568,-1.599894984707858,1,1,false,expectancy-not-positive; profit-factor-below-1.15; median-r-below-zero; bootstrap-ci-not-strictly-positive; holm-adjusted-hypothesis-not-rejected,,
c09-score60-btc-vwap,development,evaluated,420,254,0.6047619047619047,-1.682247865941,0.113391188011,-1.065488631739,0.409448818898,427.290957948919,8,2.870078740157,2,190.07450511538,190.074493329874,-2.7174498270619036,-0.8599296899953651,1,1,false,expectancy-not-positive; profit-factor-below-1.15; median-r-below-zero; bootstrap-ci-not-strictly-positive; holm-adjusted-hypothesis-not-rejected,,
c10-score80-rs-volume-breakout,development,evaluated,21,2,0.09523809523809523,-0.026601710767,0.722916105122,-0.026601710767,0.5,0.192011959257,1,6,6,0.071240498686,0.071240521004,-0.192011959257,0.138808537723,0.7606239376062394,1,false,trade-count-below-100; expectancy-not-positive; profit-factor-below-1.15; median-r-below-zero; bootstrap-ci-not-strictly-positive; holm-adjusted-hypothesis-not-rejected,,
c01-score40-immediate,validation,evaluated,2584,2584,1,-0.860385996878,0.299852751168,-1.054426629019,0.359133126935,2227.604394141403,29,3.834752321981,4,1016.965362365737,1016.965315039018,-1.1938235459837334,-0.5804317169583532,1,1,false,expectancy-not-positive; profit-factor-below-1.15; median-r-not-positive; bootstrap-ci-not-strictly-positive; holm-adjusted-hypothesis-not-rejected,,
c02-score60-immediate,validation,evaluated,660,660,1,-2.137268298375,0.133666317362,-1.073854696251,0.327272727273,1413.460140055975,23,3.75303030303,4,663.916560084434,663.916539393411,-3.428917548546054,-1.1789230448002417,1,1,false,expectancy-not-positive; profit-factor-below-1.15; median-r-not-positive; bootstrap-ci-not-strictly-positive; holm-adjusted-hypothesis-not-rejected,,
c03-score80-immediate,validation,evaluated,16,16,1,-0.513036729299,0.360237743986,-1.153263555514,0.25,9.510697447593,4,3.25,3,1.558180981501,1.558179708445,-0.922362114015712,-0.12348639647268259,0.9935006499350065,1,false,trade-count-below-40; expectancy-not-positive; profit-factor-below-1.15; median-r-not-positive; bootstrap-ci-not-strictly-positive; holm-adjusted-hypothesis-not-rejected,,
c04-score40-relvol-confirm,validation,evaluated,30,23,0.7666666666666667,-0.323161457778,0.593581823627,-1.041778453733,0.347826086957,11.379515604858,8,3.130434782609,3,3.058956746422,3.058956417723,-0.864674458893687,0.22202044569011806,0.8774122587741225,1,false,trade-count-below-40; expectancy-not-positive; profit-factor-below-1.15; median-r-not-positive; bootstrap-ci-not-strictly-positive; holm-adjusted-hypothesis-not-rejected,,
c05-score60-relvol-confirm,validation,evaluated,8,7,0.875,0.013132348718,1.021382877973,-1.035532846093,0.428571428571,4.299067746612,4,3.428571428571,2,0.316908374178,0.316908555613,-0.8645391226932644,1.0906320364968394,0.45465453454654536,1,false,trade-count-below-40; profit-factor-below-1.15; median-r-not-positive; bootstrap-ci-not-strictly-positive; holm-adjusted-hypothesis-not-rejected,,
c06-score80-relvol-confirm,validation,evaluated,0,0,0,0,0,0,0,0,0,0,0,0,0,,,,1,false,trade-count-below-40; expectancy-not-positive; profit-factor-below-1.15; median-r-not-positive; bootstrap-ci-not-strictly-positive; holm-adjusted-hypothesis-not-rejected,,
c07-score40-support-retest,validation,evaluated,1873,860,0.4591564335290977,-0.37810640279,0.483785831792,-1.078945286642,0.347674418605,325.171506399031,27,3.756976744186,4,128.22460243916,128.224585258585,-0.5049059655177055,-0.2495712240690755,1,1,false,expectancy-not-positive; profit-factor-below-1.15; median-r-not-positive; bootstrap-ci-not-strictly-positive; holm-adjusted-hypothesis-not-rejected,,
c08-score60-support-breakout,validation,evaluated,510,137,0.26862745098039215,-3.863983754169,0.092119425269,-1.107743999401,0.313868613139,537.367699845588,10,3.248175182482,3,262.128062235152,262.128060957719,-7.93205615453898,-1.2494278548110063,1,1,false,expectancy-not-positive; profit-factor-below-1.15; median-r-not-positive; bootstrap-ci-not-strictly-positive; holm-adjusted-hypothesis-not-rejected,,
c09-score60-btc-vwap,validation,evaluated,127,74,0.5826771653543307,-0.966824140598,0.159377648071,-1.101034151389,0.364864864865,72.77587970764,8,2.864864864865,2,23.486034208372,23.48602806514,-2.057863188518159,-0.33437634530806637,1,1,false,expectancy-not-positive; profit-factor-below-1.15; median-r-not-positive; bootstrap-ci-not-strictly-positive; holm-adjusted-hypothesis-not-rejected,,
c10-score80-rs-volume-breakout,validation,evaluated,16,4,0.25,-0.574618001396,0.304272994773,-1.066141366916,0.25,3.303698129173,3,3,2,0.224004283563,0.224003820947,-1.142724393184,0.48501175591125,0.9487051294870513,1,false,trade-count-below-40; expectancy-not-positive; profit-factor-below-1.15; median-r-not-positive; bootstrap-ci-not-strictly-positive; holm-adjusted-hypothesis-not-rejected,,
c01-score40-immediate,holdout,sealed,,,,,,,,,,,,,,,,,,,validation-gate-failed,,
c02-score60-immediate,holdout,sealed,,,,,,,,,,,,,,,,,,,validation-gate-failed,,
c03-score80-immediate,holdout,sealed,,,,,,,,,,,,,,,,,,,validation-gate-failed,,
c04-score40-relvol-confirm,holdout,sealed,,,,,,,,,,,,,,,,,,,validation-gate-failed,,
c05-score60-relvol-confirm,holdout,sealed,,,,,,,,,,,,,,,,,,,validation-gate-failed,,
c06-score80-relvol-confirm,holdout,sealed,,,,,,,,,,,,,,,,,,,validation-gate-failed,,
c07-score40-support-retest,holdout,sealed,,,,,,,,,,,,,,,,,,,validation-gate-failed,,
c08-score60-support-breakout,holdout,sealed,,,,,,,,,,,,,,,,,,,validation-gate-failed,,
c09-score60-btc-vwap,holdout,sealed,,,,,,,,,,,,,,,,,,,validation-gate-failed,,
c10-score80-rs-volume-breakout,holdout,sealed,,,,,,,,,,,,,,,,,,,validation-gate-failed,,
